engine_type,average_rating
Electric,2.996383414565318
Thermal,2.9953626600058465
